{"cameraMode":{"drawMode":0,"name":"Shaded","section":"Shading Mode"},"sceneLighting":true,"audioPlay":false,"sceneViewState":{"m_AlwaysRefresh":false,"showFog":true,"showSkybox":true,"showFlares":true,"showImageEffects":true,"showParticleSystems":true,"showVisualEffectGraphs":true,"m_FxEnabled":true},"in2DMode":false,"pivot":{"x":26.653383255004884,"y":2.750856637954712,"z":-1.203665018081665},"rotation":{"x":-0.022379735484719278,"y":-0.7500337958335877,"z":0.025453651323914529,"w":-0.6605852246284485},"size":1.5073950290679932,"orthographic":false}